symbol,date,open,high,low,close,volume,adjusted
AAPL,2021-01-04,133.52000427246094,133.61000061035156,126.76000213623047,129.41000366210938,143301900,125.63248443603516
AAPL,2021-01-05,128.88999938964844,131.74000549316406,128.42999267578125,131.00999450683594,97664900,127.1857681274414
AAPL,2021-01-06,127.72000122070312,131.0500030517578,126.37999725341797,126.5999984741211,155088000,122.90453338623047
AAPL,2021-01-07,128.36000061035156,131.6300048828125,127.86000061035156,130.9199981689453,109578200,127.09842681884766
AAPL,2021-01-08,132.42999267578125,132.6300048828125,130.22999572753906,132.0500030517578,105158200,128.1954345703125
AAPL,2021-01-11,129.19000244140625,130.1699981689453,128.5,128.97999572753906,100384500,125.21504211425781
AAPL,2021-01-12,128.5,129.69000244140625,126.86000061035156,128.8000030517578,91951100,125.04029083251953
AAPL,2021-01-13,128.75999450683594,131.4499969482422,128.49000549316406,130.88999938964844,88636800,127.0693359375
AAPL,2021-01-14,130.8000030517578,131,128.75999450683594,128.91000366210938,90221800,125.14708709716797
AAPL,2021-01-15,128.77999877929688,130.22000122070312,127,127.13999938964844,111598500,123.42876434326172
AAPL,2021-01-19,127.77999877929688,128.7100067138672,126.94000244140625,127.83000183105469,90757300,124.09861755371094
AAPL,2021-01-20,128.66000366210938,132.49000549316406,128.5500030517578,132.02999877929688,104319500,128.17599487304688
AAPL,2021-01-21,133.8000030517578,139.6699981689453,133.58999633789062,136.8699951171875,120150900,132.87474060058594
AAPL,2021-01-22,136.27999877929688,139.85000610351562,135.02000427246094,139.07000732421875,114459400,135.01052856445312
AAPL,2021-01-25,143.07000732421875,145.08999633789062,136.5399932861328,142.9199981689453,157611700,138.7481231689453
AAPL,2021-01-26,143.60000610351562,144.3000030517578,141.3699951171875,143.16000366210938,98390600,138.9811248779297
AAPL,2021-01-27,143.42999267578125,144.3000030517578,140.41000366210938,142.05999755859375,140843800,137.91323852539062
AAPL,2021-01-28,139.52000427246094,141.99000549316406,136.6999969482422,137.08999633789062,142621100,133.0883026123047
AAPL,2021-01-29,135.8300018310547,136.74000549316406,130.2100067138672,131.9600067138672,177523800,128.1080780029297
AAPL,2021-02-01,133.75,135.3800048828125,130.92999267578125,134.13999938964844,106239800,130.22442626953125
AAPL,2021-02-02,135.72999572753906,136.30999755859375,134.61000061035156,134.99000549316406,83305400,131.0496063232422
AAPL,2021-02-03,135.75999450683594,135.77000427246094,133.61000061035156,133.94000244140625,89880900,130.0302734375
AAPL,2021-02-04,136.3000030517578,137.39999389648438,134.58999633789062,137.38999938964844,84183100,133.37954711914062
AAPL,2021-02-05,137.35000610351562,137.4199981689453,135.86000061035156,136.75999450683594,75693800,132.96633911132812
AAPL,2021-02-08,136.02999877929688,136.9600067138672,134.9199981689453,136.91000366210938,71297200,133.11216735839844
AAPL,2021-02-09,136.6199951171875,137.8800048828125,135.85000610351562,136.00999450683594,76774200,132.23715209960938
AAPL,2021-02-10,136.47999572753906,136.99000549316406,134.39999389648438,135.38999938964844,73046600,131.63436889648438
AAPL,2021-02-11,135.89999389648438,136.38999938964844,133.77000427246094,135.1300048828125,64280000,131.38160705566406
AAPL,2021-02-12,134.35000610351562,135.52999877929688,133.69000244140625,135.3699951171875,60145100,131.61489868164062
AAPL,2021-02-16,135.49000549316406,136.00999450683594,132.7899932861328,133.19000244140625,80576300,129.495361328125
AAPL,2021-02-17,131.25,132.22000122070312,129.47000122070312,130.83999633789062,97918500,127.2105712890625
AAPL,2021-02-18,129.1999969482422,130,127.41000366210938,129.7100067138672,96856700,126.11193084716797
AAPL,2021-02-19,130.24000549316406,130.7100067138672,128.8000030517578,129.8699951171875,87668800,126.2674560546875
AAPL,2021-02-22,128.00999450683594,129.72000122070312,125.5999984741211,126,103916400,122.50483703613281
AAPL,2021-02-23,123.76000213623047,126.70999908447266,118.38999938964844,125.86000061035156,158273000,122.36872100830078
AAPL,2021-02-24,124.94000244140625,125.55999755859375,122.2300033569336,125.3499984741211,111039900,121.87285614013672
AAPL,2021-02-25,124.68000030517578,126.45999908447266,120.54000091552734,120.98999786376953,148199500,117.6338119506836
AAPL,2021-02-26,122.58999633789062,124.8499984741211,121.19999694824219,121.26000213623047,164560400,117.89630889892578
AAPL,2021-03-01,123.75,127.93000030517578,122.79000091552734,127.79000091552734,116307900,124.24517059326172
AAPL,2021-03-02,128.41000366210938,128.72000122070312,125.01000213623047,125.12000274658203,102260900,121.64923858642578
AAPL,2021-03-03,124.80999755859375,125.70999908447266,121.83999633789062,122.05999755859375,112966300,118.67411041259766
AAPL,2021-03-04,121.75,123.5999984741211,118.62000274658203,120.12999725341797,178155000,116.79764556884766
AAPL,2021-03-05,120.9800033569336,121.94000244140625,117.56999969482422,121.41999816894531,153766600,118.05186462402344
AAPL,2021-03-08,120.93000030517578,121,116.20999908447266,116.36000061035156,154376600,113.1322250366211
AAPL,2021-03-09,119.02999877929688,122.05999755859375,118.79000091552734,121.08999633789062,129525800,117.73103332519531
AAPL,2021-03-10,121.69000244140625,122.16999816894531,119.44999694824219,119.9800033569336,111943300,116.65181732177734
AAPL,2021-03-11,122.54000091552734,123.20999908447266,121.26000213623047,121.95999908447266,103026500,118.57688903808594
AAPL,2021-03-12,120.4000015258789,121.16999816894531,119.16000366210938,121.02999877929688,88105100,117.67269134521484
AAPL,2021-03-15,121.41000366210938,124,120.41999816894531,123.98999786376953,92403800,120.55056762695312
AAPL,2021-03-16,125.69999694824219,127.22000122070312,124.72000122070312,125.56999969482422,115227900,122.08674621582031
AAPL,2021-03-17,124.05000305175781,125.86000061035156,122.33999633789062,124.76000213623047,111932600,121.29922485351562
AAPL,2021-03-18,122.87999725341797,123.18000030517578,120.31999969482422,120.52999877929688,121229700,117.1865463256836
AAPL,2021-03-19,119.9000015258789,121.43000030517578,119.68000030517578,119.98999786376953,185549500,116.6615219116211
AAPL,2021-03-22,120.33000183105469,123.87000274658203,120.26000213623047,123.38999938964844,111912300,119.96721649169922
AAPL,2021-03-23,123.33000183105469,124.23999786376953,122.13999938964844,122.54000091552734,95467100,119.14079284667969
AAPL,2021-03-24,122.81999969482422,122.9000015258789,120.06999969482422,120.08999633789062,88530500,116.7587661743164
AAPL,2021-03-25,119.54000091552734,121.66000366210938,119,120.58999633789062,98844700,117.24491882324219
AAPL,2021-03-26,120.3499984741211,121.4800033569336,118.91999816894531,121.20999908447266,94071200,117.84768676757812
AAPL,2021-03-29,121.6500015258789,122.58000183105469,120.7300033569336,121.38999938964844,80819200,118.0226821899414
AAPL,2021-03-30,120.11000061035156,120.4000015258789,118.86000061035156,119.9000015258789,85671900,116.57402801513672
AAPL,2021-03-31,121.6500015258789,123.5199966430664,121.1500015258789,122.1500015258789,118323800,118.76162719726562
AAPL,2021-04-01,123.66000366210938,124.18000030517578,122.48999786376953,123,75089100,119.58804321289062
AAPL,2021-04-05,123.87000274658203,126.16000366210938,123.06999969482422,125.9000015258789,88651200,122.40760040283203
AAPL,2021-04-06,126.5,127.12999725341797,125.6500015258789,126.20999908447266,80171300,122.70899200439453
AAPL,2021-04-07,125.83000183105469,127.91999816894531,125.13999938964844,127.9000015258789,83466700,124.35213470458984
AAPL,2021-04-08,128.9499969482422,130.38999938964844,128.52000427246094,130.36000061035156,88844600,126.74388885498047
AAPL,2021-04-09,129.8000030517578,133.0399932861328,129.47000122070312,133,106686700,129.31065368652344
AAPL,2021-04-12,132.52000427246094,132.85000610351562,130.6300048828125,131.24000549316406,91420000,127.5994644165039
AAPL,2021-04-13,132.44000244140625,134.66000366210938,131.92999267578125,134.42999267578125,91266500,130.7009735107422
AAPL,2021-04-14,134.94000244140625,135,131.66000366210938,132.02999877929688,87222800,128.3675537109375
AAPL,2021-04-15,133.82000732421875,135,133.63999938964844,134.5,89347100,130.76902770996094
AAPL,2021-04-16,134.3000030517578,134.6699981689453,133.27999877929688,134.16000366210938,84922400,130.43849182128906
AAPL,2021-04-19,133.50999450683594,135.47000122070312,133.33999633789062,134.83999633789062,94264200,131.09959411621094
AAPL,2021-04-20,135.02000427246094,135.52999877929688,131.80999755859375,133.11000061035156,94812300,129.41761779785156
AAPL,2021-04-21,132.36000061035156,133.75,131.3000030517578,133.5,68847100,129.79678344726562
AAPL,2021-04-22,133.0399932861328,134.14999389648438,131.41000366210938,131.94000244140625,84566500,128.28005981445312
AAPL,2021-04-23,132.16000366210938,135.1199951171875,132.16000366210938,134.32000732421875,78657500,130.59400939941406
AAPL,2021-04-26,134.8300018310547,135.05999755859375,133.55999755859375,134.72000122070312,66905100,130.98294067382812
AAPL,2021-04-27,135.00999450683594,135.41000366210938,134.11000061035156,134.38999938964844,66015800,130.66212463378906
AAPL,2021-04-28,134.30999755859375,135.02000427246094,133.0800018310547,133.5800018310547,107760100,129.87457275390625
AAPL,2021-04-29,136.47000122070312,137.07000732421875,132.4499969482422,133.47999572753906,151101000,129.77731323242188
AAPL,2021-04-30,131.77999877929688,133.55999755859375,131.07000732421875,131.4600067138672,109839500,127.81340026855469
AAPL,2021-05-03,132.0399932861328,134.07000732421875,131.8300018310547,132.5399932861328,75135100,128.86341857910156
AAPL,2021-05-04,131.19000244140625,131.49000549316406,126.69999694824219,127.8499984741211,137564700,124.30350494384766
AAPL,2021-05-05,129.1999969482422,130.4499969482422,127.97000122070312,128.10000610351562,84000900,124.54659271240234
AAPL,2021-05-06,127.88999938964844,129.75,127.12999725341797,129.74000549316406,78128300,126.14107513427734
AAPL,2021-05-07,130.85000610351562,131.25999450683594,129.47999572753906,130.2100067138672,78973300,126.81310272216797
AAPL,2021-05-10,129.41000366210938,129.5399932861328,126.80999755859375,126.8499984741211,88071200,123.54074096679688
AAPL,2021-05-11,123.5,126.2699966430664,122.7699966430664,125.91000366210938,126142800,122.62525939941406
AAPL,2021-05-12,123.4000015258789,124.63999938964844,122.25,122.7699966430664,112172300,119.56715393066406
AAPL,2021-05-13,124.58000183105469,126.1500015258789,124.26000213623047,124.97000122070312,105861300,121.70977783203125
AAPL,2021-05-14,126.25,127.88999938964844,125.8499984741211,127.44999694824219,81918000,124.12508392333984
AAPL,2021-05-17,126.81999969482422,126.93000030517578,125.16999816894531,126.2699966430664,74244600,122.97586059570312
AAPL,2021-05-18,126.55999755859375,126.98999786376953,124.77999877929688,124.8499984741211,63342900,121.5929183959961
AAPL,2021-05-19,123.16000366210938,124.91999816894531,122.86000061035156,124.69000244140625,92612000,121.43709564208984
AAPL,2021-05-20,125.2300033569336,127.72000122070312,125.0999984741211,127.30999755859375,76857100,123.98873138427734
AAPL,2021-05-21,127.81999969482422,128,125.20999908447266,125.43000030517578,79295400,122.15776824951172
AAPL,2021-05-24,126.01000213623047,127.94000244140625,125.94000244140625,127.0999984741211,63092900,123.78418731689453
AAPL,2021-05-25,127.81999969482422,128.32000732421875,126.31999969482422,126.9000015258789,72009500,123.58943939208984
AAPL,2021-05-26,126.95999908447266,127.38999938964844,126.41999816894531,126.8499984741211,56575900,123.54074096679688
AAPL,2021-05-27,126.44000244140625,127.63999938964844,125.08000183105469,125.27999877929688,94625600,122.01168060302734
AAPL,2021-05-28,125.56999969482422,125.80000305175781,124.55000305175781,124.61000061035156,71311100,121.35918426513672
AAPL,2021-06-01,125.08000183105469,125.3499984741211,123.94000244140625,124.27999877929688,67637100,121.03779602050781
AAPL,2021-06-02,124.27999877929688,125.23999786376953,124.05000305175781,125.05999755859375,59278900,121.79743194580078
AAPL,2021-06-03,124.68000030517578,124.8499984741211,123.12999725341797,123.54000091552734,76229200,120.31707763671875
AAPL,2021-06-04,124.06999969482422,126.16000366210938,123.8499984741211,125.88999938964844,75169300,122.60577392578125
AAPL,2021-06-07,126.16999816894531,126.31999969482422,124.83000183105469,125.9000015258789,71057600,122.61551666259766
AAPL,2021-06-08,126.5999984741211,128.4600067138672,126.20999908447266,126.73999786376953,74403800,123.43360137939453
AAPL,2021-06-09,127.20999908447266,127.75,126.5199966430664,127.12999725341797,56877900,123.81341552734375
AAPL,2021-06-10,127.0199966430664,128.19000244140625,125.94000244140625,126.11000061035156,71186400,122.82003784179688
AAPL,2021-06-11,126.52999877929688,127.44000244140625,126.0999984741211,127.3499984741211,53522400,124.02770233154297
AAPL,2021-06-14,127.81999969482422,130.5399932861328,127.06999969482422,130.47999572753906,96906500,127.0760269165039
AAPL,2021-06-15,129.94000244140625,130.60000610351562,129.38999938964844,129.63999938964844,62746300,126.25794982910156
AAPL,2021-06-16,130.3699951171875,130.88999938964844,128.4600067138672,130.14999389648438,91815000,126.75462341308594
AAPL,2021-06-17,129.8000030517578,132.5500030517578,129.64999389648438,131.7899932861328,96721700,128.3518524169922
AAPL,2021-06-18,130.7100067138672,131.50999450683594,130.24000549316406,130.4600067138672,108953300,127.05656433105469
AAPL,2021-06-21,130.3000030517578,132.41000366210938,129.2100067138672,132.3000030517578,79663300,128.84854125976562
AAPL,2021-06-22,132.1300048828125,134.0800018310547,131.6199951171875,133.97999572753906,74783600,130.48472595214844
AAPL,2021-06-23,133.77000427246094,134.32000732421875,133.22999572753906,133.6999969482422,60214200,130.2119903564453
AAPL,2021-06-24,134.4499969482422,134.63999938964844,132.92999267578125,133.41000366210938,68711000,129.9296112060547
AAPL,2021-06-25,133.4600067138672,133.88999938964844,132.80999755859375,133.11000061035156,70783700,129.63743591308594
AAPL,2021-06-28,133.41000366210938,135.25,133.35000610351562,134.77999877929688,62111300,131.2638702392578
AAPL,2021-06-29,134.8000030517578,136.49000549316406,134.35000610351562,136.3300018310547,64556100,132.7734375
AAPL,2021-06-30,136.1699981689453,137.41000366210938,135.8699951171875,136.9600067138672,63261400,133.38699340820312
AAPL,2021-07-01,136.60000610351562,137.3300018310547,135.75999450683594,137.27000427246094,52485800,133.68890380859375
AAPL,2021-07-02,137.89999389648438,140,137.75,139.9600067138672,78852600,136.30870056152344
AAPL,2021-07-06,140.07000732421875,143.14999389648438,140.07000732421875,142.02000427246094,108181800,138.31497192382812
AAPL,2021-07-07,143.5399932861328,144.88999938964844,142.66000366210938,144.57000732421875,104911600,140.79847717285156
AAPL,2021-07-08,141.5800018310547,144.05999755859375,140.6699981689453,143.24000549316406,105575500,139.5031280517578
AAPL,2021-07-09,142.75,145.64999389648438,142.64999389648438,145.11000061035156,99890800,141.3243408203125
AAPL,2021-07-12,146.2100067138672,146.32000732421875,144,144.5,76299700,140.7302703857422
AAPL,2021-07-13,144.02999877929688,147.4600067138672,143.6300048828125,145.63999938964844,100827100,141.84054565429688
AAPL,2021-07-14,148.10000610351562,149.57000732421875,147.67999267578125,149.14999389648438,127050800,145.25892639160156
AAPL,2021-07-15,149.24000549316406,150,147.08999633789062,148.47999572753906,106820300,144.60641479492188
AAPL,2021-07-16,148.4600067138672,149.75999450683594,145.8800048828125,146.38999938964844,93251400,142.57093811035156
AAPL,2021-07-19,143.75,144.07000732421875,141.6699981689453,142.4499969482422,121434600,138.7338104248047
AAPL,2021-07-20,143.4600067138672,147.10000610351562,142.9600067138672,146.14999389648438,96350000,142.33724975585938
AAPL,2021-07-21,145.52999877929688,146.1300048828125,144.6300048828125,145.39999389648438,74993500,141.60679626464844
AAPL,2021-07-22,145.94000244140625,148.1999969482422,145.80999755859375,146.8000030517578,77338200,142.97027587890625
AAPL,2021-07-23,147.5500030517578,148.72000122070312,146.9199981689453,148.55999755859375,71447400,144.68438720703125
AAPL,2021-07-26,148.27000427246094,149.8300018310547,147.6999969482422,148.99000549316406,72434100,145.10311889648438
AAPL,2021-07-27,149.1199951171875,149.2100067138672,145.5500030517578,146.77000427246094,104818600,142.9410858154297
AAPL,2021-07-28,144.80999755859375,146.97000122070312,142.5399932861328,144.97999572753906,118931200,141.19776916503906
AAPL,2021-07-29,144.69000244140625,146.5500030517578,144.5800018310547,145.63999938964844,56699500,141.84054565429688
AAPL,2021-07-30,144.3800048828125,146.3300018310547,144.11000061035156,145.86000061035156,70440600,142.0548095703125
NFLX,2021-01-04,53.900001525878906,54.08000183105469,51.50899887084961,52.2859992980957,44444000,52.2859992980957
NFLX,2021-01-05,52.154998779296875,52.678001403808594,51.5890007019043,52.08000183105469,31339000,52.08000183105469
NFLX,2021-01-06,51.196998596191406,51.310001373291016,49.95000076293945,50.04899978637695,53462000,50.04899978637695
NFLX,2021-01-07,50.827999114990234,51.64400100708008,50.641998291015625,50.888999938964844,36864000,50.888999938964844
NFLX,2021-01-08,51.13100051879883,51.32400131225586,50.45100021362305,51.040000915527344,29739000,51.040000915527344
NFLX,2021-01-11,50.784000396728516,51.073001861572266,49.79499816894531,49.90999984741211,38062000,49.90999984741211
NFLX,2021-01-12,50,50.10900115966797,48.56700134277344,49.42499923706055,59904000,49.42499923706055
NFLX,2021-01-13,49.54999923706055,51.23500061035156,49.30099868774414,50.77899932861328,50321000,50.77899932861328
NFLX,2021-01-14,50.73500061035156,51.45000076293945,49.95800018310547,50.08599853515625,41774000,50.08599853515625
NFLX,2021-01-15,50,50.63199996948242,49.5099983215332,49.79800033569336,58958000,49.79800033569336
NFLX,2021-01-19,50.099998474121094,50.92499923706055,49.354000091552734,50.176998138427734,123158000,50.176998138427734
NFLX,2021-01-20,56.54199981689453,59.32899856567383,55.68600082397461,58.63399887084961,326375000,58.63399887084961
NFLX,2021-01-21,58.244998931884766,58.875,57.040000915527344,57.98400115966797,118021000,57.98400115966797
NFLX,2021-01-22,58.209999084472656,58.39899826049805,56.435001373291016,56.516998291015625,75508000,56.516998291015625
NFLX,2021-01-25,56.70000076293945,56.974998474121094,54.8650016784668,55.678001403808594,72073000,55.678001403808594
NFLX,2021-01-26,55.472999572753906,56.79899978637695,55.40599822998047,56.19300079345703,50238000,56.19300079345703
NFLX,2021-01-27,55.07099914550781,55.641998291015625,51.573001861572266,52.327999114990234,86703000,52.327999114990234
NFLX,2021-01-28,53.5880012512207,55.314998626708984,53.07400131225586,53.86000061035156,59690000,53.86000061035156
NFLX,2021-01-29,53.79999923706055,54.099998474121094,53.018001556396484,53.23899841308594,43253000,53.23899841308594
NFLX,2021-02-01,53.67900085449219,54.50600051879883,53.17300033569336,53.90399932861328,35475000,53.90399932861328
NFLX,2021-02-02,54.20100021362305,55.54800033569336,53.893001556396484,54.816001892089844,37676000,54.816001892089844
NFLX,2021-02-03,55.016998291015625,55.04800033569336,53.82400131225586,53.94499969482422,31723000,53.94499969482422
NFLX,2021-02-04,53.98099899291992,55.948001861572266,53.750999450683594,55.215999603271484,51645000,55.215999603271484
NFLX,2021-02-05,55.22600173950195,55.444000244140625,54.54800033569336,55.07899856567383,23762000,55.07899856567383
NFLX,2021-02-08,55.5,55.5,54.369998931884766,54.79199981689453,27917000,54.79199981689453
NFLX,2021-02-09,54.599998474121094,56.599998474121094,54.29999923706055,55.90700149536133,37035000,55.90700149536133
NFLX,2021-02-10,56.25,56.665000915527344,55.34600067138672,56.35900115966797,39913000,56.35900115966797
NFLX,2021-02-11,56.444000244140625,56.59299850463867,55.422000885009766,55.75899887084961,27306000,55.75899887084961
NFLX,2021-02-12,55.694000244140625,56.125,55.084999084472656,55.652000427246094,21971000,55.652000427246094
NFLX,2021-02-16,55.729000091552734,56.362998962402344,55.27299880981445,55.72800064086914,26241000,55.72800064086914
NFLX,2021-02-17,55.0989990234375,55.525001525878906,54.303001403808594,55.13399887084961,20696000,55.13399887084961
NFLX,2021-02-18,54.900001525878906,55,53.823001861572266,54.821998596191406,24562000,54.821998596191406
NFLX,2021-02-19,54.79999923706055,54.89899826049805,53.88100051879883,54.02199935913086,28415000,54.02199935913086
NFLX,2021-02-22,53.499000549316406,54.17900085449219,53.07899856567383,53.37799835205078,30786000,53.37799835205078
NFLX,2021-02-23,52.5,54.854000091552734,51.827999114990234,54.6150016784668,41365000,54.6150016784668
NFLX,2021-02-24,53.97999954223633,55.685001373291016,53.90700149536133,55.340999603271484,32450000,55.340999603271484
NFLX,2021-02-25,55.027000427246094,55.64799880981445,53.57500076293945,54.66999816894531,42529000,54.66999816894531
NFLX,2021-02-26,54.6510009765625,55.308998107910156,53.79999923706055,53.8849983215332,37556000,53.8849983215332
NFLX,2021-03-01,54.55699920654297,55.2140007019043,54.20000076293945,55.06399917602539,30414000,55.06399917602539
NFLX,2021-03-02,55.33399963378906,55.69900131225586,54.60200119018555,54.78200149536133,30422000,54.78200149536133
NFLX,2021-03-03,54.59299850463867,54.80099868774414,51.78099822998047,52.06999969482422,53624000,52.06999969482422
NFLX,2021-03-04,52.150001525878906,53.150001525878906,50.768001556396484,51.12900161743164,50348000,51.12900161743164
NFLX,2021-03-05,51.198001861572266,51.7760009765625,49.87900161743164,51.638999938964844,50700000,51.638999938964844
NFLX,2021-03-08,51.44599914550781,51.88399887084961,49.28499984741211,49.33300018310547,39818000,49.33300018310547
NFLX,2021-03-09,50.73099899291992,51.31100082397461,50.38199996948242,50.64400100708008,34700000,50.64400100708008
NFLX,2021-03-10,51.349998474121094,51.89699935913086,50.42499923706055,50.45399856567383,37715000,50.45399856567383
NFLX,2021-03-11,51.220001220703125,53.02399826049805,51.07099914550781,52.305999755859375,47145000,52.305999755859375
NFLX,2021-03-12,51.25,52.6510009765625,50.659000396728516,51.801998138427734,39817000,51.801998138427734
NFLX,2021-03-15,51.63199996948242,52.073001861572266,50.803001403808594,52.025001525878906,34843000,52.025001525878906
NFLX,2021-03-16,52.446998596191406,53.34199905395508,52.32099914550781,52.40299987792969,32389000,52.40299987792969
NFLX,2021-03-17,52.20000076293945,52.83700180053711,51.43000030517578,52.444000244140625,28174000,52.444000244140625
NFLX,2021-03-18,51.63999938964844,51.790000915527344,50.3849983215332,50.479000091552734,40945000,50.479000091552734
NFLX,2021-03-19,50.49599838256836,51.319000244140625,50.16299819946289,51.21799850463867,43864000,51.21799850463867
NFLX,2021-03-22,50.91299819946289,52.930999755859375,50.91299819946289,52.31100082397461,33606000,52.31100082397461
NFLX,2021-03-23,52.98699951171875,54.3120002746582,52.939998626708984,53.50899887084961,55835000,53.50899887084961
NFLX,2021-03-24,53.37799835205078,53.44200134277344,52,52.08100128173828,41022000,52.08100128173828
NFLX,2021-03-25,51.69900131225586,51.85300064086914,49.70000076293945,50.2859992980957,49268000,50.2859992980957
NFLX,2021-03-26,50.28200149536133,50.87200164794922,49.667999267578125,50.80500030517578,34678000,50.80500030517578
NFLX,2021-03-29,50.566001892089844,51.79999923706055,50.439998626708984,51.39500045776367,33300000,51.39500045776367
NFLX,2021-03-30,51.05099868774414,51.441001892089844,50.691001892089844,51.3390007019043,24181000,51.3390007019043
NFLX,2021-03-31,51.56700134277344,52.8129997253418,51.54399871826172,52.16600036621094,35031000,52.16600036621094
NFLX,2021-04-01,52.99300003051758,54.04999923706055,52.702999114990234,53.94200134277344,39386000,53.94200134277344
NFLX,2021-04-05,54.000999450683594,54.28499984741211,52.92300033569336,54.06700134277344,33559000,54.06700134277344
NFLX,2021-04-06,54.48099899291992,55.41699981689453,54.33000183105469,54.452999114990234,34742000,54.452999114990234
NFLX,2021-04-07,54.349998474121094,54.9640007019043,54.14500045776367,54.69900131225586,21513000,54.69900131225586
NFLX,2021-04-08,55.112998962402344,55.689998626708984,54.75699996948242,55.45800018310547,43098000,55.45800018310547
NFLX,2021-04-09,55.26900100708008,55.689998626708984,54.71099853515625,55.53099822998047,28940000,55.53099822998047
NFLX,2021-04-12,55.10499954223633,55.79800033569336,54.95800018310547,55.27799987792969,29441000,55.27799987792969
NFLX,2021-04-13,55.70000076293945,55.974998474121094,55.029998779296875,55.37300109863281,27203000,55.37300109863281
NFLX,2021-04-14,55.48699951171875,55.48699951171875,53.85300064086914,54.00199890136719,37403000,54.00199890136719
NFLX,2021-04-15,54.41699981689453,55.3489990234375,54.26599884033203,54.922000885009766,31391000,54.922000885009766
NFLX,2021-04-16,55.05400085449219,55.198001861572266,53.95100021362305,54.65399932861328,32091000,54.65399932861328
NFLX,2021-04-19,54.689998626708984,55.64400100708008,54.553001403808594,55.444000244140625,42887000,55.444000244140625
NFLX,2021-04-20,55.44200134277344,56.35599899291992,54.630001068115234,54.957000732421875,112576000,54.957000732421875
NFLX,2021-04-21,50.79999923706055,51.54600143432617,50.36000061035156,50.88999938964844,228974000,50.88999938964844
NFLX,2021-04-22,51.38199996948242,51.395999908447266,50.05500030517578,50.87799835205078,90611000,50.87799835205078
NFLX,2021-04-23,50.9010009765625,50.970001220703125,50.06999969482422,50.55500030517578,73077000,50.55500030517578
NFLX,2021-04-26,50.67599868774414,51.04800033569336,50.29999923706055,51.029998779296875,43888000,51.029998779296875
NFLX,2021-04-27,51.262001037597656,51.29899978637695,50.45800018310547,50.55500030517578,37613000,50.55500030517578
NFLX,2021-04-28,50.52000045776367,50.84000015258789,50.33399963378906,50.652000427246094,31930000,50.652000427246094
NFLX,2021-04-29,50.7599983215332,50.92900085449219,49.900001525878906,50.900001525878906,51278000,50.900001525878906
NFLX,2021-04-30,50.5,51.45500183105469,50.5,51.34700012207031,44132000,51.34700012207031
NFLX,2021-05-03,51.26499938964844,51.89500045776367,50.52000045776367,50.9109992980957,40919000,50.9109992980957
NFLX,2021-05-04,51.077999114990234,51.16299819946289,49.67900085449219,50.31800079345703,43495000,50.31800079345703
NFLX,2021-05-05,50.499000549316406,50.77799987792969,49.4630012512207,49.608001708984375,31294000,49.608001708984375
NFLX,2021-05-06,49.5989990234375,49.95500183105469,49.137001037597656,49.95500183105469,37837000,49.95500183105469
NFLX,2021-05-07,50.46200180053711,50.85499954223633,50.11199951171875,50.38399887084961,31328000,50.38399887084961
NFLX,2021-05-10,50.20000076293945,50.314998626708984,48.611000061035156,48.66899871826172,51316000,48.66899871826172
NFLX,2021-05-11,47.974998474121094,49.79899978637695,47.862998962402344,49.507999420166016,44010000,49.507999420166016
NFLX,2021-05-12,48.68299865722656,49.354000091552734,48.27000045776367,48.49800109863281,41215000,48.49800109863281
NFLX,2021-05-13,48.91299819946289,49.077999114990234,48.270999908447266,48.66600036621094,27125000,48.66600036621094
NFLX,2021-05-14,48.7859992980957,49.48500061035156,48.659000396728516,49.33700180053711,28825000,49.33700180053711
NFLX,2021-05-17,48.558998107910156,49.270999908447266,48.28099822998047,48.89400100708008,27052000,48.89400100708008
NFLX,2021-05-18,48.84000015258789,49.347999572753906,48.61899948120117,48.62799835205078,23505000,48.62799835205078
NFLX,2021-05-19,48.16299819946289,48.856998443603516,47.854000091552734,48.77000045776367,33499000,48.77000045776367
NFLX,2021-05-20,48.95500183105469,50.27000045776367,48.89799880981445,50.16699981689453,37212000,50.16699981689453
NFLX,2021-05-21,50.3120002746582,50.540000915527344,49.72600173950195,49.78900146484375,33229000,49.78900146484375
NFLX,2021-05-24,50.10499954223633,50.42499923706055,49.95100021362305,50.290000915527344,24126000,50.290000915527344
NFLX,2021-05-25,50.599998474121094,50.637001037597656,49.922000885009766,50.13399887084961,26995000,50.13399887084961
NFLX,2021-05-26,50.23400115966797,50.41400146484375,50.04999923706055,50.236000061035156,24653000,50.236000061035156
NFLX,2021-05-27,50.18000030517578,50.5099983215332,49.854000091552734,50.38600158691406,32538000,50.38600158691406
NFLX,2021-05-28,50.439998626708984,51.17599868774414,50.25299835205078,50.28099822998047,29103000,50.28099822998047
NFLX,2021-06-01,50.4010009765625,50.54100036621094,49.77399826049805,49.90800094604492,24826000,49.90800094604492
NFLX,2021-06-02,49.981998443603516,50.321998596191406,49.582000732421875,49.92399978637695,22690000,49.92399978637695
NFLX,2021-06-03,49.51900100708008,49.66600036621094,48.724998474121094,48.94300079345703,38874000,48.94300079345703
NFLX,2021-06-04,49.20000076293945,50.18600082397461,49.095001220703125,49.4739990234375,31605000,49.4739990234375
NFLX,2021-06-07,49.29199981689453,49.66999816894531,49.05500030517578,49.465999603271484,27919000,49.465999603271484
NFLX,2021-06-08,49.70000076293945,49.88199996948242,48.9370002746582,49.23899841308594,23740000,49.23899841308594
NFLX,2021-06-09,49.45000076293945,49.60900115966797,48.46500015258789,48.58100128173828,30550000,48.58100128173828
NFLX,2021-06-10,48.71699905395508,49.020999908447266,48.2140007019043,48.72700119018555,43829000,48.72700119018555
NFLX,2021-06-11,49,49.14099884033203,48.77799987792969,48.87699890136719,31240000,48.87699890136719
NFLX,2021-06-14,48.96799850463867,50.349998474121094,48.691001892089844,49.98899841308594,44002000,49.98899841308594
NFLX,2021-06-15,50.12300109863281,50.12300109863281,49.040000915527344,49.189998626708984,31041000,49.189998626708984
NFLX,2021-06-16,49.5,49.645999908447266,48.62799835205078,49.24100112915039,35332000,49.24100112915039
NFLX,2021-06-17,49.025001525878906,50.18000030517578,49.01499938964844,49.83399963378906,31983000,49.83399963378906
NFLX,2021-06-18,49.63999938964844,50.44900131225586,49.52399826049805,50.07699966430664,51976000,50.07699966430664
NFLX,2021-06-21,50.16400146484375,50.20500183105469,49.22800064086914,49.70000076293945,52773000,49.70000076293945
NFLX,2021-06-22,49.854000091552734,51.35499954223633,49.58000183105469,50.88199996948242,58093000,50.88199996948242
NFLX,2021-06-23,50.847999572753906,51.66299819946289,50.81999969482422,51.27399826049805,39448000,51.27399826049805
NFLX,2021-06-24,51.79600143432617,52.09600067138672,51.439998626708984,51.805999755859375,33612000,51.805999755859375
NFLX,2021-06-25,52.88399887084961,53.305999755859375,52.5,52.707000732421875,52991000,52.707000732421875
NFLX,2021-06-28,52.8120002746582,53.39400100708008,52.45600128173828,53.303001403808594,28202000,53.303001403808594
NFLX,2021-06-29,53.35499954223633,53.612998962402344,52.856998443603516,53.349998474121094,23146000,53.349998474121094
NFLX,2021-06-30,53.40599822998047,53.4379997253418,52.68199920654297,52.82099914550781,27734000,52.82099914550781
NFLX,2021-07-01,52.571998596191406,53.70399856567383,52.571998596191406,53.354000091552734,28054000,53.354000091552734
NFLX,2021-07-02,53.54999923706055,53.854000091552734,52.93899917602539,53.39799880981445,19755000,53.39799880981445
NFLX,2021-07-06,53.29999923706055,54.2859992980957,53.29999923706055,54.16400146484375,27751000,54.16400146484375
NFLX,2021-07-07,54.42399978637695,54.4640007019043,53.16600036621094,53.59600067138672,27225000,53.59600067138672
NFLX,2021-07-08,53.09299850463867,53.54999923706055,52.909000396728516,53.07600021362305,32690000,53.07600021362305
NFLX,2021-07-09,53.099998474121094,53.82600021362305,52.858001708984375,53.597999572753906,27772000,53.597999572753906
NFLX,2021-07-12,54.029998779296875,54.064998626708984,53.29199981689453,53.73099899291992,17807000,53.73099899291992
NFLX,2021-07-13,53.57600021362305,54.53300094604492,53.57600021362305,54.06800079345703,27516000,54.06800079345703
NFLX,2021-07-14,54.10100173950195,55.40999984741211,54.10100173950195,54.79499816894531,46595000,54.79499816894531
NFLX,2021-07-15,55.39699935913086,55.75400161743164,53.81999969482422,54.29499816894531,57139000,54.29499816894531
NFLX,2021-07-16,54.180999755859375,54.40599822998047,52.70500183105469,53.03099822998047,34421000,53.03099822998047
NFLX,2021-07-19,52.60499954223633,53.49100112915039,52.2239990234375,53.22800064086914,38858000,53.22800064086914
NFLX,2021-07-20,52.606998443603516,53.66400146484375,52.029998779296875,53.10499954223633,69304000,53.10499954223633
NFLX,2021-07-21,52.612998962402344,53.0989990234375,50.56100082397461,51.362998962402344,119068000,51.362998962402344
NFLX,2021-07-22,51.020999908447266,51.36800003051758,50.70000076293945,51.176998138427734,43281000,51.176998138427734
NFLX,2021-07-23,51.215999603271484,51.74100112915039,50.465999603271484,51.54100036621094,38205000,51.54100036621094
NFLX,2021-07-26,51.4379997253418,52.112998962402344,50.9010009765625,51.64899826049805,22545000,51.64899826049805
NFLX,2021-07-27,51.80799865722656,52.19499969482422,51.20500183105469,51.89099884033203,27590000,51.89099884033203
NFLX,2021-07-28,52.18199920654297,52.446998596191406,51.698001861572266,51.93000030517578,23905000,51.93000030517578
NFLX,2021-07-29,51.99599838256836,52.077999114990234,51.37900161743164,51.42499923706055,17360000,51.42499923706055
NFLX,2021-07-30,51.26900100708008,51.979000091552734,51.09600067138672,51.75699996948242,25371000,51.75699996948242
