"","GEOID","NAME","variable","value"
"1","26001","Alcona County, Michigan","population",10310
"2","26001","Alcona County, Michigan","median_income",53568
"3","26001","Alcona County, Michigan","median_age",59.7
"4","26001","Alcona County, Michigan","avg_commute_minutes",8.83559650824442
"5","26003","Alger County, Michigan","population",8813
"6","26003","Alger County, Michigan","median_income",59406
"7","26003","Alger County, Michigan","median_age",48.8
"8","26003","Alger County, Michigan","avg_commute_minutes",7.19675479405424
"9","26005","Allegan County, Michigan","population",120913
"10","26005","Allegan County, Michigan","median_income",80255
"11","26005","Allegan County, Michigan","median_age",40.8
"12","26005","Allegan County, Michigan","avg_commute_minutes",10.2095721717268
"13","26007","Alpena County, Michigan","population",28908
"14","26007","Alpena County, Michigan","median_income",51909
"15","26007","Alpena County, Michigan","median_age",47.6
"16","26007","Alpena County, Michigan","avg_commute_minutes",6.5471495779715
"17","26009","Antrim County, Michigan","population",23876
"18","26009","Antrim County, Michigan","median_income",71421
"19","26009","Antrim County, Michigan","median_age",51.8
"20","26009","Antrim County, Michigan","avg_commute_minutes",9.73236723069191
"21","26011","Arenac County, Michigan","population",15054
"22","26011","Arenac County, Michigan","median_income",56989
"23","26011","Arenac County, Michigan","median_age",50.1
"24","26011","Arenac County, Michigan","avg_commute_minutes",10.4311146539126
"25","26013","Baraga County, Michigan","population",8249
"26","26013","Baraga County, Michigan","median_income",55117
"27","26013","Baraga County, Michigan","median_age",46.2
"28","26013","Baraga County, Michigan","avg_commute_minutes",6.47957328160989
"29","26015","Barry County, Michigan","population",62982
"30","26015","Barry County, Michigan","median_income",77873
"31","26015","Barry County, Michigan","median_age",42
"32","26015","Barry County, Michigan","avg_commute_minutes",11.8169476993427
"33","26017","Bay County, Michigan","population",103235
"34","26017","Bay County, Michigan","median_income",60523
"35","26017","Bay County, Michigan","median_age",43.8
"36","26017","Bay County, Michigan","avg_commute_minutes",9.89984017048482
"37","26019","Benzie County, Michigan","population",18177
"38","26019","Benzie County, Michigan","median_income",72603
"39","26019","Benzie County, Michigan","median_age",50.6
"40","26019","Benzie County, Michigan","avg_commute_minutes",9.69494416020245
"41","26021","Berrien County, Michigan","population",153411
"42","26021","Berrien County, Michigan","median_income",63152
"43","26021","Berrien County, Michigan","median_age",42.6
"44","26021","Berrien County, Michigan","avg_commute_minutes",8.38261272007874
"45","26023","Branch County, Michigan","population",44914
"46","26023","Branch County, Michigan","median_income",61958
"47","26023","Branch County, Michigan","median_age",40.8
"48","26023","Branch County, Michigan","avg_commute_minutes",9.04873758738923
"49","26025","Calhoun County, Michigan","population",133846
"50","26025","Calhoun County, Michigan","median_income",60385
"51","26025","Calhoun County, Michigan","median_age",40.2
"52","26025","Calhoun County, Michigan","avg_commute_minutes",8.24029108079435
"53","26027","Cass County, Michigan","population",51606
"54","26027","Cass County, Michigan","median_income",68011
"55","26027","Cass County, Michigan","median_age",45.5
"56","26027","Cass County, Michigan","avg_commute_minutes",10.6668798201759
"57","26029","Charlevoix County, Michigan","population",26143
"58","26029","Charlevoix County, Michigan","median_income",76495
"59","26029","Charlevoix County, Michigan","median_age",50
"60","26029","Charlevoix County, Michigan","avg_commute_minutes",8.59809509237654
"61","26031","Cheboygan County, Michigan","population",25778
"62","26031","Cheboygan County, Michigan","median_income",61619
"63","26031","Cheboygan County, Michigan","median_age",51.9
"64","26031","Cheboygan County, Michigan","avg_commute_minutes",8.89091473349368
"65","26033","Chippewa County, Michigan","population",36448
"66","26033","Chippewa County, Michigan","median_income",60631
"67","26033","Chippewa County, Michigan","median_age",41.3
"68","26033","Chippewa County, Michigan","avg_commute_minutes",7.18077809482002
"69","26035","Clare County, Michigan","population",31109
"70","26035","Clare County, Michigan","median_income",49805
"71","26035","Clare County, Michigan","median_age",48.3
"72","26035","Clare County, Michigan","avg_commute_minutes",8.90272911376129
"73","26037","Clinton County, Michigan","population",79419
"74","26037","Clinton County, Michigan","median_income",85928
"75","26037","Clinton County, Michigan","median_age",41.8
"76","26037","Clinton County, Michigan","avg_commute_minutes",10.2665608985255
"77","26039","Crawford County, Michigan","population",13271
"78","26039","Crawford County, Michigan","median_income",58614
"79","26039","Crawford County, Michigan","median_age",51.5
"80","26039","Crawford County, Michigan","avg_commute_minutes",9.12516012357773
"81","26041","Delta County, Michigan","population",36829
"82","26041","Delta County, Michigan","median_income",54829
"83","26041","Delta County, Michigan","median_age",47.8
"84","26041","Delta County, Michigan","avg_commute_minutes",6.97303755192919
"85","26043","Dickinson County, Michigan","population",25940
"86","26043","Dickinson County, Michigan","median_income",61882
"87","26043","Dickinson County, Michigan","median_age",47.4
"88","26043","Dickinson County, Michigan","avg_commute_minutes",7.27274479568234
"89","26045","Eaton County, Michigan","population",109000
"90","26045","Eaton County, Michigan","median_income",78025
"91","26045","Eaton County, Michigan","median_age",41.2
"92","26045","Eaton County, Michigan","avg_commute_minutes",9.81596330275229
"93","26047","Emmet County, Michigan","population",34159
"94","26047","Emmet County, Michigan","median_income",73724
"95","26047","Emmet County, Michigan","median_age",46.4
"96","26047","Emmet County, Michigan","avg_commute_minutes",8.75201264674024
"97","26049","Genesee County, Michigan","population",404087
"98","26049","Genesee County, Michigan","median_income",60673
"99","26049","Genesee County, Michigan","median_age",40.6
"100","26049","Genesee County, Michigan","avg_commute_minutes",10.2764132476422
"101","26051","Gladwin County, Michigan","population",25543
"102","26051","Gladwin County, Michigan","median_income",55576
"103","26051","Gladwin County, Michigan","median_age",50.8
"104","26051","Gladwin County, Michigan","avg_commute_minutes",10.0438476294875
"105","26053","Gogebic County, Michigan","population",14348
"106","26053","Gogebic County, Michigan","median_income",49672
"107","26053","Gogebic County, Michigan","median_age",51.3
"108","26053","Gogebic County, Michigan","avg_commute_minutes",7.59652913298021
"109","26055","Grand Traverse County, Michigan","population",95757
"110","26055","Grand Traverse County, Michigan","median_income",79486
"111","26055","Grand Traverse County, Michigan","median_age",43.1
"112","26055","Grand Traverse County, Michigan","avg_commute_minutes",9.16079242248608
"113","26057","Gratiot County, Michigan","population",41478
"114","26057","Gratiot County, Michigan","median_income",61128
"115","26057","Gratiot County, Michigan","median_age",39.7
"116","26057","Gratiot County, Michigan","avg_commute_minutes",9.29323978976807
"117","26059","Hillsdale County, Michigan","population",45658
"118","26059","Hillsdale County, Michigan","median_income",60869
"119","26059","Hillsdale County, Michigan","median_age",42.8
"120","26059","Hillsdale County, Michigan","avg_commute_minutes",9.80134916115467
"121","26061","Houghton County, Michigan","population",37428
"122","26061","Houghton County, Michigan","median_income",56573
"123","26061","Houghton County, Michigan","median_age",32.3
"124","26061","Houghton County, Michigan","avg_commute_minutes",6.43742652559581
"125","26063","Huron County, Michigan","population",31258
"126","26063","Huron County, Michigan","median_income",56963
"127","26063","Huron County, Michigan","median_age",49.4
"128","26063","Huron County, Michigan","avg_commute_minutes",8.33802546548084
"129","26065","Ingham County, Michigan","population",282015
"130","26065","Ingham County, Michigan","median_income",64354
"131","26065","Ingham County, Michigan","median_age",33.3
"132","26065","Ingham County, Michigan","avg_commute_minutes",8.56252327003883
"133","26067","Ionia County, Michigan","population",66706
"134","26067","Ionia County, Michigan","median_income",73436
"135","26067","Ionia County, Michigan","median_age",38.8
"136","26067","Ionia County, Michigan","avg_commute_minutes",11.3682427367853
"137","26069","Iosco County, Michigan","population",25333
"138","26069","Iosco County, Michigan","median_income",47777
"139","26069","Iosco County, Michigan","median_age",53.5
"140","26069","Iosco County, Michigan","avg_commute_minutes",7.1148304582955
"141","26071","Iron County, Michigan","population",11650
"142","26071","Iron County, Michigan","median_income",53614
"143","26071","Iron County, Michigan","median_age",53.2
"144","26071","Iron County, Michigan","avg_commute_minutes",6.96652360515021
"145","26073","Isabella County, Michigan","population",64475
"146","26073","Isabella County, Michigan","median_income",53759
"147","26073","Isabella County, Michigan","median_age",29.8
"148","26073","Isabella County, Michigan","avg_commute_minutes",8.658472276076
"149","26075","Jackson County, Michigan","population",160187
"150","26075","Jackson County, Michigan","median_income",65004
"151","26075","Jackson County, Michigan","median_age",41.2
"152","26075","Jackson County, Michigan","avg_commute_minutes",8.94126864227434
"153","26077","Kalamazoo County, Michigan","population",261437
"154","26077","Kalamazoo County, Michigan","median_income",70525
"155","26077","Kalamazoo County, Michigan","median_age",34.9
"156","26077","Kalamazoo County, Michigan","avg_commute_minutes",8.93578567685523
"157","26079","Kalkaska County, Michigan","population",18116
"158","26079","Kalkaska County, Michigan","median_income",60365
"159","26079","Kalkaska County, Michigan","median_age",44
"160","26079","Kalkaska County, Michigan","avg_commute_minutes",11.6201148156326
"161","26081","Kent County, Michigan","population",658844
"162","26081","Kent County, Michigan","median_income",80390
"163","26081","Kent County, Michigan","median_age",35.7
"164","26081","Kent County, Michigan","avg_commute_minutes",9.4652148308249
"165","26085","Lake County, Michigan","population",12393
"166","26085","Lake County, Michigan","median_income",49680
"167","26085","Lake County, Michigan","median_age",50.3
"168","26085","Lake County, Michigan","avg_commute_minutes",9.37222625675785
"169","26087","Lapeer County, Michigan","population",88703
"170","26087","Lapeer County, Michigan","median_income",76228
"171","26087","Lapeer County, Michigan","median_age",44.6
"172","26087","Lapeer County, Michigan","avg_commute_minutes",14.4050370336967
"173","26089","Leelanau County, Michigan","population",22607
"174","26089","Leelanau County, Michigan","median_income",91943
"175","26089","Leelanau County, Michigan","median_age",55.3
"176","26089","Leelanau County, Michigan","avg_commute_minutes",8.51174415004202
"177","26091","Lenawee County, Michigan","population",98823
"178","26091","Lenawee County, Michigan","median_income",67013
"179","26091","Lenawee County, Michigan","median_age",42.2
"180","26091","Lenawee County, Michigan","avg_commute_minutes",10.8122603037754
"181","26093","Livingston County, Michigan","population",195143
"182","26093","Livingston County, Michigan","median_income",101315
"183","26093","Livingston County, Michigan","median_age",43.8
"184","26093","Livingston County, Michigan","avg_commute_minutes",13.2482077245917
"185","26097","Mackinac County, Michigan","population",10865
"186","26097","Mackinac County, Michigan","median_income",58598
"187","26097","Mackinac County, Michigan","median_age",53.3
"188","26097","Mackinac County, Michigan","avg_commute_minutes",8.0441785549931
"189","26099","Macomb County, Michigan","population",877624
"190","26099","Macomb County, Michigan","median_income",76399
"191","26099","Macomb County, Michigan","median_age",41.1
"192","26099","Macomb County, Michigan","avg_commute_minutes",11.3777882099851
"193","26101","Manistee County, Michigan","population",25247
"194","26101","Manistee County, Michigan","median_income",60879
"195","26101","Manistee County, Michigan","median_age",50.3
"196","26101","Manistee County, Michigan","avg_commute_minutes",7.3481997861132
"197","26103","Marquette County, Michigan","population",66430
"198","26103","Marquette County, Michigan","median_income",64675
"199","26103","Marquette County, Michigan","median_age",39.2
"200","26103","Marquette County, Michigan","avg_commute_minutes",7.97741984043354
"201","26105","Mason County, Michigan","population",29177
"202","26105","Mason County, Michigan","median_income",62296
"203","26105","Mason County, Michigan","median_age",47.2
"204","26105","Mason County, Michigan","avg_commute_minutes",7.58097131302053
"205","26107","Mecosta County, Michigan","population",40321
"206","26107","Mecosta County, Michigan","median_income",57774
"207","26107","Mecosta County, Michigan","median_age",40.6
"208","26107","Mecosta County, Michigan","avg_commute_minutes",9.20190471466482
"209","26109","Menominee County, Michigan","population",23295
"210","26109","Menominee County, Michigan","median_income",55688
"211","26109","Menominee County, Michigan","median_age",49.9
"212","26109","Menominee County, Michigan","avg_commute_minutes",8.91393002790298
"213","26111","Midland County, Michigan","population",83641
"214","26111","Midland County, Michigan","median_income",77538
"215","26111","Midland County, Michigan","median_age",41.8
"216","26111","Midland County, Michigan","avg_commute_minutes",9.74372616300618
"217","26113","Missaukee County, Michigan","population",15156
"218","26113","Missaukee County, Michigan","median_income",61868
"219","26113","Missaukee County, Michigan","median_age",42.7
"220","26113","Missaukee County, Michigan","avg_commute_minutes",10.0197941409343
"221","26115","Monroe County, Michigan","population",155001
"222","26115","Monroe County, Michigan","median_income",75272
"223","26115","Monroe County, Michigan","median_age",42.6
"224","26115","Monroe County, Michigan","avg_commute_minutes",11.0780898187754
"225","26117","Montcalm County, Michigan","population",67174
"226","26117","Montcalm County, Michigan","median_income",64892
"227","26117","Montcalm County, Michigan","median_age",40.1
"228","26117","Montcalm County, Michigan","avg_commute_minutes",12.0956768988001
"229","26119","Montmorency County, Michigan","population",9372
"230","26119","Montmorency County, Michigan","median_income",47803
"231","26119","Montmorency County, Michigan","median_age",56.7
"232","26119","Montmorency County, Michigan","avg_commute_minutes",7.90759709773794
"233","26121","Muskegon County, Michigan","population",175378
"234","26121","Muskegon County, Michigan","median_income",63495
"235","26121","Muskegon County, Michigan","median_age",39.9
"236","26121","Muskegon County, Michigan","avg_commute_minutes",9.06080010035466
"237","26123","Newaygo County, Michigan","population",50414
"238","26123","Newaygo County, Michigan","median_income",61931
"239","26123","Newaygo County, Michigan","median_age",42.8
"240","26123","Newaygo County, Michigan","avg_commute_minutes",11.9166303011068
"241","26125","Oakland County, Michigan","population",1272294
"242","26125","Oakland County, Michigan","median_income",95296
"243","26125","Oakland County, Michigan","median_age",41.2
"244","26125","Oakland County, Michigan","avg_commute_minutes",10.8541146936164
"245","26127","Oceana County, Michigan","population",26788
"246","26127","Oceana County, Michigan","median_income",63624
"247","26127","Oceana County, Michigan","median_age",43.9
"248","26127","Oceana County, Michigan","avg_commute_minutes",9.32040465880245
"249","26129","Ogemaw County, Michigan","population",20853
"250","26129","Ogemaw County, Michigan","median_income",51983
"251","26129","Ogemaw County, Michigan","median_age",50.8
"252","26129","Ogemaw County, Michigan","avg_commute_minutes",9.46770248885053
"253","26131","Ontonagon County, Michigan","population",5870
"254","26131","Ontonagon County, Michigan","median_income",51844
"255","26131","Ontonagon County, Michigan","median_age",59.4
"256","26131","Ontonagon County, Michigan","avg_commute_minutes",8.02129471890971
"257","26133","Osceola County, Michigan","population",23122
"258","26133","Osceola County, Michigan","median_income",57050
"259","26133","Osceola County, Michigan","median_age",43.8
"260","26133","Osceola County, Michigan","avg_commute_minutes",9.44965833405415
"261","26135","Oscoda County, Michigan","population",8338
"262","26135","Oscoda County, Michigan","median_income",50581
"263","26135","Oscoda County, Michigan","median_age",52.1
"264","26135","Oscoda County, Michigan","avg_commute_minutes",7.43523626769009
"265","26137","Otsego County, Michigan","population",25352
"266","26137","Otsego County, Michigan","median_income",67285
"267","26137","Otsego County, Michigan","median_age",44.5
"268","26137","Otsego County, Michigan","avg_commute_minutes",8.56263805616914
"269","26139","Ottawa County, Michigan","population",298614
"270","26139","Ottawa County, Michigan","median_income",87144
"271","26139","Ottawa County, Michigan","median_age",36.3
"272","26139","Ottawa County, Michigan","avg_commute_minutes",9.40125044371664
"273","26141","Presque Isle County, Michigan","population",13142
"274","26141","Presque Isle County, Michigan","median_income",56713
"275","26141","Presque Isle County, Michigan","median_age",56.2
"276","26141","Presque Isle County, Michigan","avg_commute_minutes",8.51278344239842
"277","26143","Roscommon County, Michigan","population",23639
"278","26143","Roscommon County, Michigan","median_income",54106
"279","26143","Roscommon County, Michigan","median_age",57.4
"280","26143","Roscommon County, Michigan","avg_commute_minutes",7.6517619188629
"281","26145","Saginaw County, Michigan","population",189210
"282","26145","Saginaw County, Michigan","median_income",58347
"283","26145","Saginaw County, Michigan","median_age",41.1
"284","26145","Saginaw County, Michigan","avg_commute_minutes",8.52930606204746
"285","26147","St. Clair County, Michigan","population",160089
"286","26147","St. Clair County, Michigan","median_income",69349
"287","26147","St. Clair County, Michigan","median_age",44.3
"288","26147","St. Clair County, Michigan","avg_commute_minutes",12.1090455933887
"289","26149","St. Joseph County, Michigan","population",60870
"290","26149","St. Joseph County, Michigan","median_income",64707
"291","26149","St. Joseph County, Michigan","median_age",39.8
"292","26149","St. Joseph County, Michigan","avg_commute_minutes",8.74700180712995
"293","26151","Sanilac County, Michigan","population",40574
"294","26151","Sanilac County, Michigan","median_income",59074
"295","26151","Sanilac County, Michigan","median_age",45.3
"296","26151","Sanilac County, Michigan","avg_commute_minutes",10.9127766550007
"297","26153","Schoolcraft County, Michigan","population",8093
"298","26153","Schoolcraft County, Michigan","median_income",57708
"299","26153","Schoolcraft County, Michigan","median_age",52.1
"300","26153","Schoolcraft County, Michigan","avg_commute_minutes",7.21673050784629
"301","26155","Shiawassee County, Michigan","population",68061
"302","26155","Shiawassee County, Michigan","median_income",64464
"303","26155","Shiawassee County, Michigan","median_age",43.1
"304","26155","Shiawassee County, Michigan","avg_commute_minutes",11.7208092740336
"305","26157","Tuscola County, Michigan","population",53071
"306","26157","Tuscola County, Michigan","median_income",62847
"307","26157","Tuscola County, Michigan","median_age",44.6
"308","26157","Tuscola County, Michigan","avg_commute_minutes",11.7584933391118
"309","26159","Van Buren County, Michigan","population",75681
"310","26159","Van Buren County, Michigan","median_income",66902
"311","26159","Van Buren County, Michigan","median_age",41.2
"312","26159","Van Buren County, Michigan","avg_commute_minutes",9.67237483648472
"313","26161","Washtenaw County, Michigan","population",368394
"314","26161","Washtenaw County, Michigan","median_income",87156
"315","26161","Washtenaw County, Michigan","median_age",34.8
"316","26161","Washtenaw County, Michigan","avg_commute_minutes",9.26300374056038
"317","26163","Wayne County, Michigan","population",1773767
"318","26163","Wayne County, Michigan","median_income",59521
"319","26163","Wayne County, Michigan","median_age",37.8
"320","26163","Wayne County, Michigan","avg_commute_minutes",9.14078624757367
"321","26165","Wexford County, Michigan","population",33868
"322","26165","Wexford County, Michigan","median_income",63123
"323","26165","Wexford County, Michigan","median_age",42.2
"324","26165","Wexford County, Michigan","avg_commute_minutes",8.80019487421755
