name,type,city,lon,lat
127 Brewing,micro,Jackson,-84.43116792,42.28667212
5 Lakes Brewing Co.,brewpub,Dorr,-85.70445518,42.72497157
51st State Brewing Company,brewpub,Kingsford,-88.08819,45.808408
734 Brewing Company,micro,Ypsilanti,-83.61103475,42.24586784
Aberrant Ales,brewpub,Howell,-83.93094539,42.60773722
Albion Malleable Brewing Company,brewpub,Albion,-84.7532755,42.2423188
Alma Brewing Co,brewpub,Alma,-84.6588719,43.37888808
American Brewers Inc,micro,Kalamazoo,-85.5378194,42.26671998
American Harvest Brewpub At Schoolcraft College,brewpub,Livonia,-83.42868497,42.419317
Arbor Brewing Co,brewpub,Ann Arbor,-83.74822471,42.28041029
Arbor Brewing Co. Microbrewery,micro,Ypsilanti,-83.6099915,42.250158
Arcadia Brewing Co,micro,Kalamazoo,-85.5715368,42.2950789
Arclight Brewing Company,micro,Watervliet,-86.25939238,42.19104832
Arvon Brewing Co.,micro,Grandville,-85.7720434,42.909272
Ascension Brewing Company,brewpub,Novi,-83.4609783,42.4783271
Atwater Brewing Co,regional,Detroit,-83.072904,42.4190883
Atwater Grand Rapids,brewpub,Grand Rapids,-85.672454,42.970463
Atwater In the Park Biergarten and Tap House,brewpub,Grosse Pointe Park,-82.9399103,42.3814617
Austin Brothers' Beer Company,brewpub,Alpena,-83.43583578,45.07296998
Axle Brewing Company,micro,Ferndale,-83.1428144,42.4508021
B.O.B's Brewery,brewpub,Grand Rapids,-85.67248446,42.9638257
BAD Brewing Co,micro,Mason,-84.4433383,42.5786176
Baffin Brewing Co,micro,Saint Clair Shores,-82.888964,42.472227
Bam Entertainment Center,brewpub,Holland,-86.08555156,42.7812873
Barn Brewers,brewpub,Lawton,-85.84966443,42.16834814
Barrel and Beam,micro,Marquette,-87.4722168,46.54578
Bastone Brewery,brewpub,Royal Oak,-83.1440578,42.4836283
Batch Brewing Co,brewpub,Detroit,-83.088689,42.3184806
Beards Brewery,brewpub,Petoskey,-84.95425838,45.37533801
Beards Brewery Production Facility,micro,Charlevoix,-85.249116,45.304738
Beer Church Brewing Company,contract,New Buffalo,-86.74311848,41.79322148
Bell's Eccentric Cafe,brewpub,Kalamazoo,-85.57887292,42.29491555
Bella Casa Di Vino,brewpub,Saint Clair,-82.48591,42.823895
Biercamp,brewpub,Ann Arbor,-83.740111,42.2586786
Big Boiler Brewing,brewpub,Lowell,-85.33655351,42.93462931
Big Cat Brewing Company,brewpub,Cedar,-85.79311511,44.85319287
Big Lake Brewing,micro,Holland,-86.10791587,42.79149405
Big Lake Brewing Production Facility,micro,Holland,-86.09988824,42.78029471
Big Rock Chop House & Brewery,contract,Birmingham,-83.19603911,42.54693868
Bilbo's Pizza and Brewery,brewpub,Kalamazoo,-85.63122494,42.27160225
Bitter Old Fecker Rustic Ales,micro,Chelsea,-83.98452281,42.2995379
Black Lotus Brewing Co,brewpub,Clawson,-83.141428,42.533563
Blackrocks Brewery,micro,Marquette,-87.39462133,46.5464589
Blackrocks Brewery - Production Facility,micro,Marquette,-87.41368794,46.54594024
Block Brewing Company,brewpub,Howell,-83.931806,42.603858
Blue Cow Cafe/Big Rapids Brewing Co,brewpub,Big Rapids,-85.48211793,43.69871439
Blue Pike Cantina,brewpub,Marine City,-82.49085669,42.71829576
Blue Tractor Brewing Co,brewpub,Ann Arbor,-83.74704578,42.28052759
Boatyard Brewing Co,micro,Kalamazoo,-85.578439,42.303203
Brass Ring Brewery,brewpub,Grand Rapids,-85.64741488,42.91987422
Bravo! Restaurant & Cafe,brewpub,Portage,-85.56023131,42.23892918
Brew Detroit,micro,Detroit,-83.0619769,42.32770289
Brew Works of Fremont,brewpub,Fremont,-85.94003325,43.44380716
Brewery Becker,brewpub,Brighton,-83.785481,42.529522
Brewery Ferment,micro,Traverse City,-85.62353552,44.75888715
Brewery Terra Firma,micro,Traverse City,-85.63510581,44.71509875
Brewery Vivant,brewpub,Grand Rapids,-85.64683809,42.95961591
BrickHaven Brewing Company,micro,Grand Ledge,-84.745273,42.752301
Brite Eyes Brewing Co,brewpub,Kalamazoo,-85.582846,42.27977268
Brown Iron Brewhouse,brewpub,Washington,-83.03578521,42.71929931
"Canton Brew Works, LLC",micro,Canton,-83.4586331,42.3224786
Cellar Brewing Co,brewpub,Sparta,-85.70639839,43.16082496
Cheboygan Brewing Co,micro,Cheboygan,-84.4743633,45.647403
CJs Brewing Co,brewpub,Commerce Township,-83.44295839,42.57743694
Cognition Brewing Company,micro,Ishpeming,-87.6681955,46.4916806
Cognito Brewing Company,brewpub,Bangor,-86.11152208,42.31308099
Cold Iron Brewing,micro,Ironwood,-90.16984913,46.45390575
ConfluxCity Brewing Company,micro,Portland,-84.90321484,42.87142429
Constantine Brewing Co,brewpub,Constantine,-85.66859588,41.84164216
Cotton Brewing Co,brewpub,Adrian,-84.02463418,41.89136136
Cranker's Brewery,brewpub,Big Rapids,-85.483723,43.688013
Cranker's Restaurant & Brewery,brewpub,Mount Pleasant,-84.76071102,43.61176916
Creston Brewery,brewpub,Grand Rapids,-85.66252661,42.99120192
Dark Horse Brewing Co,micro,Marshall,-84.96397652,42.26638824
Dearborn Brewing,micro,Dearborn,-83.2433835,42.30664415
Detroit Beer Co,brewpub,Detroit,-83.04871786,42.335962
Dimes Brewhouse,micro,Dimondale,-84.6483014,42.64660055
Downey Brewing Company,micro,Dearborn,-83.17350725,42.31625295
Drafting Table Brewing Company,micro,Wixom,-83.53663792,42.52440117
Dragonmead Microbrewery,micro,Warren,-83.0278041,42.492142
Draught Horse Brewery,brewpub,New Hudson,-83.61459,42.5113546
EagleMonk Pub and Brewery,brewpub,Lansing,-84.662048,42.712054
Earthen Ales,micro,Traverse City,-85.6454249,44.755294
East Channel Brewing Company,micro,Munising,-86.65452518,46.40934141
East West Brewing Co,brewpub,Grand Rapids,-85.634947,42.957318
Eastern Market Brewing Company,micro,Detroit,-83.03876229,42.346625
Eaton Pub & Grille Brewery / Charlotte Brewing Co,brewpub,Charlotte,-84.83579,42.549391
EB Coffee and Pub,brewpub,Caledonia,-85.50839333,42.80145682
Elk Brewing Co,brewpub,Grand Rapids,-85.6515221,42.9554463
Elk Street Brewery,brewpub,Sandusky,-82.82977088,43.42036406
Eternity Brewing Co,micro,Howell,-83.9948055,42.63273017
Exferimentation Brewing Company,micro,Pontiac,-83.292346,42.6369922
Falling Down Beer Co.,brewpub,Warren,-82.9805361,42.4787048
Farmington Brewing Company LLC,micro,Farmington,-83.37603742,42.4649541
Fenton Winery & Brewery,brewpub,Fenton,-83.70470876,42.85155557
Fetch Brewing Co,micro,Whitehall,-86.3494848,43.4097727
Fillmore 13 Brewery,brewpub,Pontiac,-83.292346,42.6369922
Final Gravity Brewing Co,brewpub,Decatur,-85.97454749,42.10876694
Final Gravity Brewing Company,micro,Kalamazoo,-85.58315888,42.29324471
Fort Street Brewery,brewpub,Lincoln Park,-83.17610229,42.25215845
Founders Brewing Co,regional,Detroit,-83.0605729,42.34299565
Founders Brewing Co,regional,Grand Rapids,-85.6765753,42.9524964
Founders Brewing Production Facility,regional,Grand Rapids,-85.67523323,42.94662234
Fountain Hill Brewery,brewpub,Grand Rapids,-85.664754,42.965489
Four Leaf Brewing,brewpub,Clare,-84.7683591,43.8256884
Frankenmuth Brewing Co,micro,Frankenmuth,-83.73929404,43.32893336
Gallery Brewery,brewpub,Portland,-84.90284271,42.86985871
Gonzo's BigDogg Brewery,brewpub,Kalamazoo,-85.59008261,42.2908852
Grand Armory Brewing Co,micro,Grand Haven,-86.2312558,43.06378759
Grand Armory Brewing Production Facility,micro,Grand Haven,-86.19774282,43.03862147
Grand River Brewery,brewpub,Jackson,-84.406597,42.249334
Grande Mere Inn / Cranberry Bog Bar,brewpub,Stevensville,-86.5287857,42.01274111
Granite City Food & Brewery,brewpub,Detroit,-83.04053931,42.32916295
Granite City Food & Brewery (#28),brewpub,Troy,-83.1616138,42.56225169
Gravel Bottom Craft Brewery,micro,Ada,-85.4857858,42.955144
Great Baraboo Brewing Co,brewpub,Clinton Township,-82.96514018,42.56028034
Greenbush Annex,micro,Sawyer,-86.59404729,41.88540971
Greenbush Brewing Co,micro,Sawyer,-86.59431314,41.88557686
Greyline Brewing,brewpub,Grand Rapids,-85.68843549,42.99474375
Griffin Claw Brewing Co,micro,Birmingham,-83.19546429,42.5434572
Harmony Brewing Co,brewpub,Grand Rapids,-85.63066846,42.95501346
Harmony Brewing Company - Harmony Hall,brewpub,Grand Rapids,-85.684118,42.970732
Harpers Restaurant and Brewpub,brewpub,East Lansing,-84.48282452,42.73626665
Harsens Island Beer Co.,brewpub,Marysville,-82.47149301,42.92247389
Haymarket Brewery and Taproom,micro,Bridgman,-86.55947806,41.94715363
Heavenly Vineyards,micro,Morley,-85.463503,43.489827
Hereford and Hops Steakhouse and Brewpub,brewpub,Escanaba,-87.0564571,45.7458964
Hillsdale Brewing Company,brewpub,Hillsdale,-84.63154725,41.92470888
HomeGrown Brewing Company,brewpub,Oxford,-83.26650386,42.82656071
HOMES Brewery,brewpub,Ann Arbor,-83.77845211,42.28032635
"Howell's MainStreet Winery, Brewery & Pizzeria",brewpub,Howell,-83.93080102,42.60768396
Ironbark Brewery,micro,Jackson,-84.43762976,42.2188971
Jaden James Brewery @ The Cascade Winery,brewpub,Grand Rapids,-85.583194,42.909899
Jamesport Brewing Co,brewpub,Ludington,-86.44787302,43.95168567
Jamex Brewing Co,micro,Saint Clair Shores,-82.8986171,42.5171113
Jasper Ridge Brewing Co,brewpub,Ishpeming,-87.6791485,46.50148242
Jolly Pumpkin Artisan Ales,micro,Dexter,-83.87683682,42.32487277
Jolly Pumpkin Cafe and Brewery,brewpub,Ann Arbor,-83.7484551,42.2791598
Jolly Pumpkin Pizzeria and Brewery,brewpub,Grand Rapids,-85.6800865,42.970511
Kelsey Block Brewing Company,brewpub,Three Rivers,-85.63333961,41.94474661
Keweenaw Brewing Co,micro,Houghton,-88.5687729,47.1219857
Keweenaw Brewing Co - Production Facility,micro,Houghton,-88.5687729,47.1219857
Kuhnhenn Brewing Co,micro,Warren,-83.023691,42.523306
Kuhnhenn Clinton Township,micro,Clinton Township,-82.91782739,42.56179646
Lake Charlevoix Brewing Company,brewpub,Charlevoix,-85.25800112,45.31728307
Lansing Brewing Company,brewpub,Lansing,-84.5455093,42.7368424
Lehmans Orchard Brewery and Farmhouse,brewpub,Buchanan,-86.35834031,41.82910596
Les Cheneaux Distillers,brewpub,Cedarville,-84.36301089,45.99742724
Lexington Brewing Co,brewpub,Lexington,-82.530867,43.2678755
Liberty Street Brewing Production Facility,micro,Livonia,-83.40169843,42.36866123
"Library Restaurant, Bar and Brewpub",brewpub,Houghton,-88.56701063,47.12215913
Lilys Seafood Restaurant and Brewery,brewpub,Royal Oak,-83.14668688,42.487039
Lockside Brewery / 1668 Winery,brewpub,Sault Sainte Marie,-84.34705,46.500695
Loggers Brewing Company,micro,Saginaw,-84.05193542,43.40518225
Looking Glass Brewing Company,brewpub,Dewitt,-84.56922371,42.84243629
Ludington Bay Brewing Co,brewpub,Ludington,-86.44763415,43.95070214
Lynchpin Beer Company / The Laundry,brewpub,Fenton,-83.70642814,42.792852
Macatawa Ale Company,micro,Holland,-86.10911659,42.79223968
Mackinaw Brewing Co,brewpub,Traverse City,-85.62124459,44.76426455
Mackinaw Trail Brewing Company / Mackinaw Trail Winery and Brewery,micro,Manistique,-86.2503664,45.9535761
MDs Sports Tavern and Grill,brewpub,Davison,-83.5173133,43.05021425
Midland Brewing Co,brewpub,Midland,-84.2910925,43.6408678
Mitten Brewing Co - Northport,brewpub,Northport,-85.61801909,45.129833
Motor City Brewing Works,brewpub,Detroit,-83.06603733,42.3518156
Motor City Brewing Works Warehouse,micro,Detroit,-83.06474893,42.35151997
Mountain Town Brewing Co,micro,Mt Pleasant,-84.78689552,43.61180948
Mountain Town Station Restaurant & Brew Pub,brewpub,Mt Pleasant,-84.7822205,43.604568
New Holland Brewing Co,regional,Holland,-86.10411872,42.79010355
New Union Brewing,micro,Lowell,-85.355545,42.931398
Newaygo Brewing Co,brewpub,Newaygo,-85.79585808,43.42386642
North Center Brewing Co.,brewpub,Northville,-83.48311135,42.43412107
North Channel Brewing Co.,brewpub,Manistee,-86.32379888,44.24929388
North Peak Brewing Co,brewpub,Traverse City,-85.6285431,44.7643155
North Pier Brewing,micro,Benton Harbor,-86.45499315,42.12454349
Northern Oak Brewery,brewpub,Holly,-83.62737964,42.80026273
Odd Side Ales Production Facility,micro,Grand Haven,-86.1983973,43.03124408
Old Boys Brewhouse,brewpub,Spring Lake,-86.21215194,43.07642829
Old Mill Brewpub and Grill,brewpub,Plainwell,-85.63224537,42.442939
Old Nation Brewing Company,micro,Williamston,-84.2899561,42.6878555
Olde Peninsula Brewpub and Restaurant,brewpub,Kalamazoo,-85.581578,42.2916484
One Well Brewing,brewpub,Kalamazoo,-85.5591755,42.2485915
OpenRoad Brewery,brewpub,Wayland,-85.64331774,42.67311202
Oracle Brewing Company,micro,Saginaw,-83.96401351,43.417723
Ore Dock Brewing Co,micro,Marquette,-87.39388593,46.54189135
Original Gravity Brewing Co,brewpub,Milan,-83.67523597,42.083974
Osgood Brewing,brewpub,Grandville,-85.76493039,42.90907804
Our Brewing Co,micro,Holland,-86.1037537,42.7901898
Ozone's Brewhouse,micro,Lansing,-84.54860983,42.7505921
Paddle Hard Brewing,micro,Grayling,-84.709584,44.66521
Paddle Hard Brewing,brewpub,Grayling,-84.71675164,44.6600473
Parkers Hilltop Brewery,brewpub,Clarkston,-83.4149011,42.7174413
Paw Paw Brewing Company,brewpub,Paw Paw,-85.87748984,42.2192304
Paw Paw Brewing Company LLC,micro,PAW PAW,-85.89437423,42.2131394
Paw Paw Brewing Company Production Facility,micro,Paw Paw,-85.89437423,42.2131394
Pike 51 Brewing,brewpub,Hudsonville,-85.87944718,42.8606644
Pileated Brewing Co,micro,Ann Arbor,-83.73385304,42.2528625
Pointless Brewery,micro,Ann Arbor,-83.7297662,42.260633
Poison Frog Brewing Company,brewpub,Jackson,-84.4374522,42.20141178
Railtown Brewing Co,micro,Dutton,-85.57833065,42.84118888
Rare Bird Brewpub,brewpub,Traverse City,-85.61932337,44.75978039
Red Jacket Brewing at Michigan House Cafe,brewpub,Calumet,-88.4535254,47.2464521
Redline Brewing Company,micro,Burton,-83.59795244,43.01100775
Reed City Brewing Company,brewpub,Reed City,-85.51071976,43.875879
River Rouge Brewing Company,micro,Royal Oak,-83.14059587,42.48726531
Roak Brewing Co.,micro,Royal Oak,-83.14209914,42.48342093
Rolling Oak Brewing Co,micro,Grayling,-84.716671,44.661765
Round Barn Brewery / Round Barn Winery,micro,Baroda,-86.479395,41.950161
Royal Oak Brewery,brewpub,Royal Oak,-83.14271229,42.48739557
Rupert's Brew House,micro,Kalamazoo,-85.5941774,42.29072325
Rustic Leaf Brewing Company,micro,Waterford,-83.4048664,42.659901
Salt Springs Brewery,brewpub,Saline,-83.78105412,42.16646594
Sanctuary Spirits,micro,Grand Ledge,-84.73453638,42.7407777
Saugatuck Brewing Co,micro,Douglas,-86.2120077,42.62989386
Sherwood Brewing Co,brewpub,Shelby Township,-82.97361414,42.63202014
Shipwreck Brewing Company,brewpub,Saint Clair Shores,-82.88877859,42.47122231
Short's Brewing Co,brewpub,Bellaire,-85.21012429,44.975604
Silver Harbor Brewing Company,brewpub,Saint Joseph,-86.48027459,42.10893033
Soo Brewing Company,micro,Sault Sainte Marie,-84.3482782,46.50089794
Spartan Brewpub,brewpub,Mason,-84.43276467,42.67095756
Sports Brewpub,brewpub,Wyandotte,-83.15132628,42.20229805
Stony Lake Brewing Company,micro,Saline,-83.7735354,42.17041729
Stormcloud Brewing Company,brewpub,Frankfort,-86.24100175,44.63290605
Stormcloud Brewing Company Production Facility,micro,Frankfort,-86.2218117,44.6373933
Sugarfoot Saloon,brewpub,Cedar,-85.79625698,44.90785082
Superior Coast Brewery / Karls Cuisine Winery and Brewery,brewpub,Sault Sainte Marie,-84.35344671,46.50179396
Tapistry Brewing Company,micro,Bridgman,-86.5561575,41.9427559
TBD,micro,Armada,-82.95124856,42.84942455
Tecumseh Brewing Company,brewpub,Tecumseh,-83.946191,42.004052
Tenacity Brewing,micro,Flint,-83.69663179,43.01522788
Territorial Brewing Company,brewpub,Springfield,-85.23565712,42.3151618
Territorial Brewing Company Production Facility,micro,Springfield,-85.22954317,42.31466956
Texas Corners Brewing Company,brewpub,Kalamazoo,-85.6486336,42.2300087
The Boathouse Beer Co and Boozery,brewpub,Tawas City,-83.5169024,44.26826378
The Distant Whistle Brewhouse,micro,Vicksburg,-85.53248776,42.11909502
The Filling Station Microbrewery,micro,Traverse City,-85.609476,44.7580963
The Highway Brewing Co.,brewpub,West Branch,-84.23751651,44.27635208
The Knickerbocker/ New Holland Brewing,brewpub,Grand Rapids,-85.68044312,42.97068214
The Livery,brewpub,Benton Harbor,-86.45330019,42.11813538
The Maple Grille LLC,brewpub,Hemlock,-84.1741049,43.4157758
The Mitten Brewing Co,brewpub,Grand Rapids,-85.68101,42.98507733
The Mitten Brewing Company - Saugatuck,brewpub,Saugatuck,-86.20524129,42.65689129
The Mitten Brewing Company Production Facility,micro,Grand Rapids,-85.68100276,42.98491266
The Parlor,brewpub,Traverse City,-85.6204308,44.7601402
The Red Baron,brewpub,Burton,-83.63373728,42.9924788
"The Sanford Beverage Company, Inc. D.B.A. Steele Street Brewing",brewpub,Ionia,-85.06766243,42.98135831
Third Monk Brewing Co,micro,South Lyon,-83.65116644,42.45482138
Thornapple Brewing Company,micro,Grand rapids,-85.6506666,42.9128114
Three Blondes Brewing,brewpub,South Haven,-86.2642391,42.4033183
Tibbs Brewing Co,brewpub,Kalamazoo,-85.58320831,42.28859949
Tilted Axis Brewing Company,brewpub,Lapeer,-83.31247549,43.05377576
Townies Brewery,brewpub,Ann Arbor,-83.7891745,42.2730356
Traffic Jam and Snug,brewpub,Detroit,-83.086546,42.384371
Trail Point Brewing Co.,micro,Allendale,-85.93541536,42.97207782
Transient Artisan Ales,micro,Bridgman,-86.55570937,41.94299804
Tripelroot,brewpub,Zeeland,-86.01463482,42.81211765
Tripelroot Production Facility,micro,Holland,-86.0580859,42.802587
Tujax Tavern,brewpub,Delton,-85.407991,42.496258
Tunnel Vision Brewery,brewpub,Harbor Springs,-85.065042,45.471828
TwoGuys Brewing,brewpub,Wyoming,-85.72355013,42.92114925
Unruly Brewing Company,micro,Muskegon,-86.25381541,43.23504367
Upper Hand Brewery,micro,Escanaba,-87.097528,45.7164279
Urbanrest Brewing Company,micro,Ferndale,-83.1274188,42.4679929
Vander Mill,brewpub,Grand Rapids,-85.6305954,42.9712724
VanMax Brewing Company LLC,micro,Decatur,-85.97454749,42.10876694
Vierling Restaurant & Marquette Harbor Brewery,brewpub,Marquette,-87.3928955,46.5425586
Walldorff Brewpub & Bistro,brewpub,Hastings,-85.284584,42.6487487
Watermark Brewing Company,micro,Stevensville,-86.51963025,42.01286668
Witch's Hat Brewing,micro,South Lyon,-83.65099308,42.45542522
Wolverine State Brewing Co,brewpub,Ann Arbor,-83.7745473,42.2694316
Woodward Avenue Brewers,brewpub,Ferndale,-83.13333109,42.4596444
